{"train/loss_cls": 212.05214172363281, "train/loss_conf": 398.9437924194336, "train/loss_xy": 384.61701232910156, "train/loss_wh": 20.609137172698976, "train/loss": 1016.2220855712891, "train/grad_norm": 4924.992895507812, "learning_rate": 1.0000000000000002e-06, "momentum": 0.9, "_runtime": 42743, "_timestamp": 1633468365, "_step": 22951, "val/bbox_mAP": 0.312, "val/bbox_mAP_50": 0.539, "val/bbox_mAP_75": 0.324, "val/bbox_mAP_s": 0.011, "val/bbox_mAP_m": 0.062, "val/bbox_mAP_l": 0.372, "_wandb": {"runtime": 42745}}