{"train/loss_rpn_cls": 0.024180461245705373, "train/loss_rpn_bbox": 0.024637113951030187, "train/s0.loss_cls": 0.18746825989335775, "train/s0.acc": 94.033203125, "train/s0.loss_bbox": 0.09201173901557923, "train/s1.loss_cls": 0.08266361366026104, "train/s1.acc": 94.75453979492187, "train/s1.loss_bbox": 0.08053119195159525, "train/s2.loss_cls": 0.03985062464373186, "train/s2.acc": 94.85219940185547, "train/s2.loss_bbox": 0.046004007533192635, "train/loss": 0.5773470083996654, "learning_rate": 1.0000000000000002e-06, "momentum": 0.9, "_runtime": 76694, "_timestamp": 1634198678, "_step": 73081, "val/bbox_mAP": 0.617, "val/bbox_mAP_50": 0.767, "val/bbox_mAP_75": 0.664, "val/bbox_mAP_s": 0.051, "val/bbox_mAP_m": 0.354, "val/bbox_mAP_l": 0.679, "_wandb": {"runtime": 76696}}