{"train/loss_rpn_cls": 0.05592419748194516, "train/loss_rpn_bbox": 0.03637161095626652, "train/s0.loss_cls": 0.30181447356939317, "train/s0.acc": 91.4970703125, "train/s0.loss_bbox": 0.16307508423924447, "train/s1.loss_cls": 0.1426088058948517, "train/s1.acc": 92.052734375, "train/s1.loss_bbox": 0.12209877122193574, "train/s2.loss_cls": 0.06193432070314884, "train/s2.acc": 93.4423828125, "train/s2.loss_bbox": 0.052716782800853255, "train/loss": 0.9365440428256988, "learning_rate": 0.002, "momentum": 0.9, "_runtime": 1786, "_timestamp": 1633337844, "_step": 1421, "val/bbox_mAP": 0.084, "val/bbox_mAP_50": 0.174, "val/bbox_mAP_75": 0.072, "val/bbox_mAP_s": 0.0, "val/bbox_mAP_m": 0.007, "val/bbox_mAP_l": 0.105, "_wandb": {"runtime": 1825}}