{"train/loss_rpn_cls": 0.005009198841871693, "train/loss_rpn_bbox": 0.012763700617942958, "train/s0.loss_cls": 0.06460739015601576, "train/s0.acc": 97.63411209106445, "train/s0.loss_bbox": 0.041033031269907955, "train/s1.loss_cls": 0.02331832269206643, "train/s1.acc": 98.31673797607422, "train/s1.loss_bbox": 0.03789604319725186, "train/s2.loss_cls": 0.010601762884762138, "train/s2.acc": 98.48830749511718, "train/s2.loss_bbox": 0.02545085297431797, "train/loss": 0.22068030253052712, "learning_rate": 1.0000000000000002e-06, "momentum": 0.9, "_runtime": 73423, "_timestamp": 1633784577, "_step": 48841, "val/bbox_mAP": 0.817, "val/bbox_mAP_50": 0.937, "val/bbox_mAP_75": 0.869, "val/bbox_mAP_s": 0.343, "val/bbox_mAP_m": 0.702, "val/bbox_mAP_l": 0.848, "_wandb": {"runtime": 73425}}