{"train/loss_rpn_cls": 0.012684214804903605, "train/loss_rpn_bbox": 0.01799428349826485, "train/s0.loss_cls": 0.13453274704515933, "train/s0.acc": 95.45312255859375, "train/s0.loss_bbox": 0.06543387096375226, "train/s1.loss_cls": 0.06284742197953165, "train/s1.acc": 95.75234527587891, "train/s1.loss_bbox": 0.06720643521286547, "train/s2.loss_cls": 0.030937133650295438, "train/s2.acc": 95.53039306640625, "train/s2.loss_bbox": 0.04555421993136406, "train/loss": 0.4371903245151043, "learning_rate": 0.0001, "momentum": 0.9, "_runtime": 38622, "_timestamp": 1633710838, "_step": 25920, "val/bbox_mAP": 0.63, "val/bbox_mAP_50": 0.814, "val/bbox_mAP_75": 0.703, "val/bbox_mAP_s": 0.139, "val/bbox_mAP_m": 0.431, "val/bbox_mAP_l": 0.681}