{"train/loss_rpn_cls": 0.6773289442062378, "train/loss_rpn_bbox": 0.05141776285134256, "train/s0.loss_cls": 1.3560852856189012, "train/s0.acc": 68.0078125, "train/s0.loss_bbox": 0.04489270450547338, "train/s1.loss_cls": 0.5521580120921135, "train/s1.acc": 68.9296875, "train/s1.loss_bbox": 0.01415414032060653, "train/s2.loss_cls": 0.26952052541077137, "train/s2.acc": 69.828125, "train/s2.loss_bbox": 0.0036412021960131823, "train/loss": 2.9691985869407653, "learning_rate": 0.00019780399999999988, "momentum": 0.9, "_runtime": 49, "_timestamp": 1633335743, "_step": 50, "_wandb": {"runtime": 53}}