{"train/loss_rpn_cls": 0.019822500345762818, "train/loss_rpn_bbox": 0.02274941176176071, "train/s0.loss_cls": 0.1691004767268896, "train/s0.acc": 94.193359375, "train/s0.loss_bbox": 0.10625920308753849, "train/s1.loss_cls": 0.08173575054854154, "train/s1.acc": 94.36080749511719, "train/s1.loss_bbox": 0.09509858246892691, "train/s2.loss_cls": 0.039758260399103164, "train/s2.acc": 94.50166091918945, "train/s2.loss_bbox": 0.0518701752834022, "train/loss": 0.5863943588733673, "learning_rate": 2.0000000000000005e-05, "momentum": 0.9, "_runtime": 47833, "_timestamp": 1633385861, "_step": 36631, "val/bbox_mAP": 0.517, "val/bbox_mAP_50": 0.721, "val/bbox_mAP_75": 0.563, "val/bbox_mAP_s": 0.046, "val/bbox_mAP_m": 0.292, "val/bbox_mAP_l": 0.571, "_wandb": {"runtime": 47834}}