{"train/loss_rpn_cls": 0.6553999567031861, "train/loss_rpn_bbox": 0.049776152670383454, "train/s0.loss_cls": 0.5531652043759823, "train/s0.acc": 86.556640625, "train/s0.loss_bbox": 0.06423333253711462, "train/s1.loss_cls": 0.523257836997509, "train/s1.acc": 66.7109375, "train/s1.loss_bbox": 0.024087511813268066, "train/s2.loss_cls": 0.2895059284567833, "train/s2.acc": 64.2421875, "train/s2.loss_bbox": 0.007926378392148763, "train/loss": 2.16735231757164, "learning_rate": 9.890199999999994e-06, "momentum": 0.9, "_runtime": 58, "_timestamp": 1634121458, "_step": 50, "_wandb": {"runtime": 67}}