{"train/loss_rpn_cls": 0.6537532806396484, "train/loss_rpn_bbox": 0.04735554251819849, "train/s0.loss_cls": 1.149912516474724, "train/s0.acc": 77.4501953125, "train/s0.loss_bbox": 0.11407130554318429, "train/s1.loss_cls": 0.5061083279550076, "train/s1.acc": 76.173828125, "train/s1.loss_bbox": 0.031663458761759106, "train/s2.loss_cls": 0.4515952922776341, "train/s2.acc": 63.2255859375, "train/s2.loss_bbox": 0.006341774380998686, "train/loss": 2.960801510810852, "learning_rate": 0.00019780399999999988, "momentum": 0.9, "_runtime": 46, "_timestamp": 1633510929, "_step": 50, "_wandb": {"runtime": 59}}