{"train/loss_cls": 1.2191468346118928, "train/loss_bbox": 1.8579181623458862, "train/loss_iou": 1.6302824485301972, "train/d0.loss_cls": 1.221070739030838, "train/d0.loss_bbox": 1.7089872217178346, "train/d0.loss_iou": 1.5235099363327027, "train/d1.loss_cls": 1.2173882794380189, "train/d1.loss_bbox": 1.7875656127929687, "train/d1.loss_iou": 1.580357015132904, "train/d2.loss_cls": 1.238245450258255, "train/d2.loss_bbox": 1.650859944820404, "train/d2.loss_iou": 1.515200320482254, "train/d3.loss_cls": 1.239085432291031, "train/d3.loss_bbox": 1.7143457746505737, "train/d3.loss_iou": 1.5771262300014497, "train/d4.loss_cls": 1.2455048084259033, "train/d4.loss_bbox": 1.951088819503784, "train/d4.loss_iou": 1.6141111493110656, "train/loss": 27.491794357299806, "learning_rate": 0.002, "momentum": 0.9, "_runtime": 931, "_timestamp": 1633500135, "_step": 1222, "val/bbox_mAP": 0.0, "val/bbox_mAP_50": 0.0, "val/bbox_mAP_75": 0.0, "val/bbox_mAP_s": 0.0, "val/bbox_mAP_m": 0.0, "val/bbox_mAP_l": 0.0, "_wandb": {"runtime": 934}}