{"train/loss_cls": 465.3723522949219, "train/loss_conf": 966.3175646972657, "train/loss_xy": 442.96065490722657, "train/loss_wh": 57.961956634521485, "train/loss": 1932.6125244140626, "train/grad_norm": 4165.320756835938, "learning_rate": 0.00030474999999999995, "momentum": 0.9, "_runtime": 1264, "_timestamp": 1633425134, "_step": 456, "val/bbox_mAP": 0.001, "val/bbox_mAP_50": 0.003, "val/bbox_mAP_75": 0.0, "val/bbox_mAP_s": 0.0, "val/bbox_mAP_m": 0.0, "val/bbox_mAP_l": 0.001, "_wandb": {"runtime": 1329}}